{
    "pre_delta_diff": [
        -44.50412172381904,
        54.31227284501135
    ],
    "delta_change_diff_5": [
        -3.9044208434760304,
        3.9049734758098174
    ],
    "delta_change_diff_10": [
        -2.766912377363866,
        2.773485440627594
    ],
    "delta_change_diff_20": [
        -1.886386889279732,
        1.8915441345352555
    ],
    "error_trend_diff_5": [
        -39.25340425549672,
        39.33717411349362
    ],
    "error_trend_diff_10": [
        -28.98102145709105,
        28.97064011382204
    ],
    "error_trend_diff_20": [
        -20.86124601149866,
        20.83676275860888
    ],
    "pre_delta_diff_halftime": [
        -24.20072126236592,
        29.1772652222097
    ],
    "pre_delta_diff_secondhalf": [
        -25.130224941721384,
        30.122622738810218
    ],
    "pred_score_all": [
        -43.00354210437398,
        53.70917170950615
    ],
    "pred_score_ha": [
        -44.837430556578695,
        53.05372707569174
    ],
    "tries_diff_all": [
        -8.588388073328712,
        8.547686700116575
    ],
    "tries_diff_ha": [
        -7.6851576325841116,
        9.208825147638006
    ],
    "triesdiff_vs_total_tries_ratio": [
        -1.3497772014605576,
        1.339797020846421
    ],
    "triesdiff_vs_total_tries_ratio_abs": [
        -0.5439313040271955,
        1.1426060357959993
    ],
    "triesdiff_vs_total_tries_ha_ratio": [
        -1.217227923731099,
        1.4592229214695829
    ],
    "triesdiff_vs_total_tries_ha_ratio_abs": [
        -0.5416932451483765,
        1.1760786907306175
    ],
    "pred_total_points_all": [
        20.722081743888126,
        73.80062044471384
    ],
    "pred_total_points_ha": [
        21.73250644148692,
        71.07126361073222
    ],
    "pred_total_tries_all": [
        0.16652811086088004,
        11.999783735593454
    ],
    "pred_total_tries_ha": [
        0.2599013975703661,
        11.844795944863787
    ],
    "pre_delta_diff_vs_first_plus_second": [
        -12.76081763191175,
        12.600026996171438
    ],
    "team_first_vs_second_half_diff": [
        -12.376950326304296,
        12.36109648905924
    ],
    "pre_delta_diff - error_5 - std_devs_away - diff": [
        -3.17891780096715,
        3.186142518592915
    ],
    "pre_delta_diff - error_10 - std_devs_away - diff": [
        -1.873949597533835,
        1.8728348171892337
    ],
    "pre_delta_diff - error_20 - std_devs_away - diff": [
        -1.229198881947351,
        1.227531602193464
    ],
    "pre_delta_diff - comp_error_5 - std_devs_away - diff": [
        -3.2817211211293613,
        3.280352336040423
    ],
    "pre_delta_diff - comp_error_10 - std_devs_away - diff": [
        -2.045570047870508,
        2.041873486548523
    ],
    "pre_delta_diff - comp_error_20 - std_devs_away - diff": [
        -1.5138799459898398,
        1.508739242776995
    ],
    "pre_delta_diff - ha_error_5 - std_devs_away - diff": [
        -3.3299048305963876,
        3.2548685149246785
    ],
    "pre_delta_diff - ha_error_10 - std_devs_away - diff": [
        -2.0927430909347486,
        1.9908303811503567
    ],
    "pre_delta_diff - ha_error_20 - std_devs_away - diff": [
        -1.6583426773496512,
        1.5425909896191308
    ],
    "pre_delta_diff - deltachange_5 - std_devs_away - diff": [
        -4.839000638510883,
        4.824765184125844
    ],
    "pre_delta_diff - deltachange_10 - std_devs_away - diff": [
        -1.9837140489758398,
        1.9872960316913448
    ],
    "pre_delta_diff - deltachange_20 - std_devs_away - diff": [
        -1.187529491966493,
        1.1902704168478557
    ],
    "pre_delta_diff - comp_deltachange_5 - std_devs_away - diff": [
        -5.39572653853752,
        5.390679611255299
    ],
    "pre_delta_diff - comp_deltachange_10 - std_devs_away - diff": [
        -2.7761755942109287,
        2.7772758128479227
    ],
    "pre_delta_diff - comp_deltachange_20 - std_devs_away - diff": [
        -2.288784970209305,
        2.290233307768468
    ],
    "pre_delta_diff - ha_deltachange_5 - std_devs_away - diff": [
        -4.462280212514141,
        4.521402259172584
    ],
    "pre_delta_diff - ha_deltachange_10 - std_devs_away - diff": [
        -1.9978459664165034,
        2.0591639400862016
    ],
    "pre_delta_diff - ha_deltachange_20 - std_devs_away - diff": [
        -1.4770245844023093,
        1.5401881136439228
    ],
    "pre_delta_diff_vs_total_points_ratio": [
        -0.9199217887660034,
        1.1306222794236984
    ],
    "pre_delta_diff_vs_total_points_ratio_abs": [
        -0.43771637345283176,
        0.9112432473359808
    ],
    "weighted_form_diff": [
        -1.183462382746567,
        1.1513106170004783
    ],
    "weighted_form_ha_diff": [
        -0.9752299516205524,
        1.4598062610964067
    ],
    "weighted_form_comp_diff": [
        -1.213911906414627,
        1.1840940019862878
    ],
    "weighted_form_vsopp_diff": [
        -2.399409418311065,
        2.338497588953938
    ],
    "pre_delta_diff_vs_total_points_ratio_ha": [
        -0.8977076441745571,
        1.1238600866058202
    ],
    "pre_delta_diff_vs_total_points_ratio_ha_abs": [
        -0.44895917805144053,
        0.9308479489598853
    ],
    "delta_change_comp_diff_5": [
        -3.966401259971276,
        3.9807490236557648
    ],
    "delta_change_comp_diff_10": [
        -2.949628749706893,
        2.9603620320376947
    ],
    "delta_change_comp_diff_20": [
        -2.271447121810717,
        2.2823564991951213
    ],
    "error_trend_comp_diff_5": [
        -39.99420873205336,
        39.96370513101669
    ],
    "error_trend_comp_diff_10": [
        -30.61536137955042,
        30.552894228225668
    ],
    "error_trend_comp_diff_20": [
        -24.103075742847906,
        24.01149943494454
    ],
    "delta_change_ha_diff_5": [
        -3.8392134430196445,
        3.89756058468368
    ],
    "delta_change_ha_diff_10": [
        -2.729893781236272,
        2.7942439646682384
    ],
    "delta_change_ha_diff_20": [
        -2.069479508220863,
        2.1441474233256503
    ],
    "error_trend_ha_diff_5": [
        -39.735886684413096,
        38.04543024242739
    ],
    "error_trend_ha_diff_10": [
        -29.508063862308035,
        27.783855314735945
    ],
    "error_trend_ha_diff_20": [
        -23.421145306261,
        21.594744474684124
    ],
    "delta_change_noncomp_diff_5": [
        -5.4953257983851715,
        5.497531710899847
    ],
    "delta_change_noncomp_diff_10": [
        -5.356894729263176,
        5.368305394865078
    ],
    "delta_change_noncomp_diff_20": [
        -4.979655390434953,
        5.000016454816716
    ],
    "error_trend_noncomp_diff_5": [
        -53.52513559246061,
        53.54170877331436
    ],
    "error_trend_noncomp_diff_10": [
        -48.63415085093415,
        48.72631591515504
    ],
    "error_trend_noncomp_diff_20": [
        -43.64999843044634,
        43.78573953062719
    ],
    "pre_delta_diff - noncomp_error_5 - std_devs_away - diff": [
        -17.904311901862496,
        17.940254751100948
    ],
    "pre_delta_diff - noncomp_error_10 - std_devs_away - diff": [
        -8.775243769508924,
        8.799214768561653
    ],
    "pre_delta_diff - noncomp_error_20 - std_devs_away - diff": [
        -5.503158191508068,
        5.52724771467365
    ],
    "pre_delta_diff - noncomp_deltachange_5 - std_devs_away - diff": [
        -35.678383924146345,
        35.665590284851234
    ],
    "pre_delta_diff - noncomp_deltachange_10 - std_devs_away - diff": [
        -19.402234433988188,
        19.455086001528212
    ],