{"pre_delta_diff": {"mean": 5.198317180449715, "std": 14.54076340819323}, "delta_change_diff_5": {"mean": 0.004643555583269978, "std": 1.105712096849633}, "delta_change_diff_10": {"mean": 0.0048743246875197046, "std": 0.7861424089958485}, "delta_change_diff_20": {"mean": 0.0003417268753956463, "std": 0.5473271228243736}, "error_trend_diff_5": {"mean": -0.011965418689045115, "std": 11.298594678902823}, "error_trend_diff_10": {"mean": -0.01958883249485968, "std": 8.299868945696256}, "error_trend_diff_20": {"mean": -0.0012711806442467172, "std": 6.041762876285059}, "pre_delta_diff_halftime": {"mean": 2.5397429084894187, "std": 7.866989680922803}, "pre_delta_diff_secondhalf": {"mean": 2.553818397501843, "std": 8.257873547679049}, "pred_score_all": {"mean": 5.569665125795489, "std": 14.083026752323173}, "pred_score_ha": {"mean": 4.264977460338158, "std": 14.262296463266622}, "tries_diff_all": {"mean": -0.002343761941907626, "std": 2.438487581466629}, "tries_diff_ha": {"mean": 0.765025978598784, "std": 2.417931150896788}, "triesdiff_vs_total_tries_ratio": {"mean": -0.0019167171604261154, "std": 0.38766052084129926}, "triesdiff_vs_total_tries_ratio_abs": {"mean": 0.3019208873485427, "std": 0.2431561454954045}, "triesdiff_vs_total_tries_ha_ratio": {"mean": 0.12274106952508715, "std": 0.38593776210234243}, "triesdiff_vs_total_tries_ha_ratio_abs": {"mean": 0.3193685462534385, "std": 0.24902607743382693}, "pred_total_points_all": {"mean": 47.006096279341506, "std": 7.663857990007106}, "pred_total_points_ha": {"mean": 46.24347986560097, "std": 7.195297366959433}, "pred_total_tries_all": {"mean": 6.036358334314127, "std": 1.6766486592554626}, "pred_total_tries_ha": {"mean": 6.00620673656431, "std": 1.647456560182021}, "pre_delta_diff_vs_first_plus_second": {"mean": 0.10475587445852581, "std": 3.8249153171135175}, "team_first_vs_second_half_diff": {"mean": -0.014075489012406083, "std": 3.605749470430147}, "pre_delta_diff - error_5 - std_devs_away - diff": {"mean": -0.00021548616385262957, "std": 0.919314078631518}, "pre_delta_diff - error_10 - std_devs_away - diff": {"mean": -0.002047179772230687, "std": 0.5389419427667568}, "pre_delta_diff - error_20 - std_devs_away - diff": {"mean": -0.0007177464116529009, "std": 0.35600146676167804}, "pre_delta_diff - comp_error_5 - std_devs_away - diff": {"mean": -0.006082828479535734, "std": 0.955224174794093}, "pre_delta_diff - comp_error_10 - std_devs_away - diff": {"mean": -0.0031984875148690917, "std": 0.5906567938034493}, "pre_delta_diff - comp_error_20 - std_devs_away - diff": {"mean": -0.0024915842495975985, "std": 0.43974208171809126}, "pre_delta_diff - ha_error_5 - std_devs_away - diff": {"mean": 0.008395816228340881, "std": 0.908655534329138}, "pre_delta_diff - ha_error_10 - std_devs_away - diff": {"mean": -0.004423189412443568, "std": 0.5445263733351371}, "pre_delta_diff - ha_error_20 - std_devs_away - diff": {"mean": -0.01110315026695912, "std": 0.4034712027056858}, "pre_delta_diff - deltachange_5 - std_devs_away - diff": {"mean": -0.0030404119441682247, "std": 1.3558762138057638}, "pre_delta_diff - deltachange_10 - std_devs_away - diff": {"mean": 0.0028023663376577205, "std": 0.5631821399744391}, "pre_delta_diff - deltachange_20 - std_devs_away - diff": {"mean": 0.0005509977705157352, "std": 0.3465236451797477}, "pre_delta_diff - comp_deltachange_5 - std_devs_away - diff": {"mean": 0.001973602533987126, "std": 1.6168834105631507}, "pre_delta_diff - comp_deltachange_10 - std_devs_away - diff": {"mean": 9.793756452327919e-05, "std": 0.9987864451408084}, "pre_delta_diff - comp_deltachange_20 - std_devs_away - diff": {"mean": -0.00140932389720088, "std": 0.8972132879349562}, "pre_delta_diff - ha_deltachange_5 - std_devs_away - diff": {"mean": -0.01991379411024655, "std": 1.231206762919967}, "pre_delta_diff - ha_deltachange_10 - std_devs_away - diff": {"mean": -0.006133856556983781, "std": 0.5728994610766691}, "pre_delta_diff - ha_deltachange_20 - std_devs_away - diff": {"mean": -0.0013771502135266555, "std": 0.42314400978980216}, "pre_delta_diff_vs_total_points_ratio": {"mean": 0.11222707745924701, "std": 0.30214071858893343}, "pre_delta_diff_vs_total_points_ratio_abs": {"mean": 0.24697955285247603, "std": 0.1995366275741298}, "weighted_form_diff": {"mean": -0.01563351928811263, "std": 0.33348252474048434}, "weighted_form_ha_diff": {"mean": 0.23954087902430599, "std": 0.34505735561296647}, "weighted_form_comp_diff": {"mean": -0.014156160252662375, "std": 0.34303805139359006}, "weighted_form_vsopp_diff": {"mean": -0.02129672759683877, "std": 0.6512958044214727}, "pre_delta_diff_vs_total_points_ratio_ha": {"mean": 0.11857264001839181, "std": 0.3007743199101583}, "pre_delta_diff_vs_total_points_ratio_ha_abs": {"mean": 0.2505288925414032, "std": 0.2027743389220871}, "predicted_change_of_result_at_halftime": {"mean": 0.09123984457788767, "std": 0.2879549691727315}, "home_team_pre_delta_mean_last_10": {"mean": 164.18027813765093, "std": 35.05090532195312}, "home_team_pre_delta_mean_last_20": {"mean": 166.2011359631176, "std": 33.4332883556357}, "away_team_pre_delta_mean_last_10": {"mean": 163.59481755298674, "std": 34.77674231107792}, "away_team_pre_delta_mean_last_20": {"mean": 165.62275126931792, "std": 33.24347240412423}, "diff_std_deviation_away_last_10": {"mean": 0.0025135609461131077, "std": 2.15055831619171}, "diff_std_deviation_away_last_20": {"mean": 0.01244415302020236, "std": 1.9417223323357187}, "diff_pre_delta_mean_last_10": {"mean": 0.5914177907497007, "std": 15.940970934742442}, "diff_pre_delta_mean_last_20": {"mean": 0.4823027182061634, "std": 14.53986148891733}}